"url","primary_query","secondary_queries","intent","source","monthly_frequency"
"/jyotish/grahas/","грахи джйотиш","планеты в джйотиш | значение грах | аспекты планет джйотиш","информационный / обзор","Google Suggestions + русскоязычная поисковая выдача, 2026-07-30","н/д"
"/jyotish/grahas/surya/","Солнце в джйотиш","Солнце ведическая астрология | Солнце значение в натальной карте | Солнце управитель","информационный / справочный","семантическое расширение кластера; поисковые подсказки по категории","н/д"
"/jyotish/grahas/chandra/","Луна в джйотиш","Луна ведическая астрология | Луна значение в натальной карте | Луна управитель","информационный / справочный","семантическое расширение кластера; поисковые подсказки по категории","н/д"
"/jyotish/grahas/mars/","Марс в джйотиш","Марс ведическая астрология | Марс значение в натальной карте | Марс управитель","информационный / справочный","семантическое расширение кластера; поисковые подсказки по категории","н/д"
"/jyotish/grahas/mercury/","Меркурий в джйотиш","Меркурий ведическая астрология | Меркурий значение в натальной карте | Меркурий управитель","информационный / справочный","семантическое расширение кластера; поисковые подсказки по категории","н/д"
"/jyotish/grahas/jupiter/","Юпитер в джйотиш","Юпитер ведическая астрология | Юпитер значение в натальной карте | Юпитер управитель","информационный / справочный","семантическое расширение кластера; поисковые подсказки по категории","н/д"
"/jyotish/grahas/venus/","Венера в джйотиш","Венера ведическая астрология | Венера значение в натальной карте | Венера управитель","информационный / справочный","семантическое расширение кластера; поисковые подсказки по категории","н/д"
"/jyotish/grahas/saturn/","Сатурн в джйотиш","Сатурн ведическая астрология | Сатурн значение в натальной карте | Сатурн управитель","информационный / справочный","семантическое расширение кластера; поисковые подсказки по категории","н/д"
"/jyotish/grahas/rahu/","Раху в джйотиш","Раху ведическая астрология | Раху значение в натальной карте | Раху управитель","информационный / справочный","семантическое расширение кластера; поисковые подсказки по категории","н/д"
"/jyotish/grahas/ketu/","Кету в джйотиш","Кету ведическая астрология | Кету значение в натальной карте | Кету управитель","информационный / справочный","семантическое расширение кластера; поисковые подсказки по категории","н/д"
